{
  "analysis_summary": {
    "total_classes": 4023,
    "total_images": 2586498,
    "statistics": {
      "mean": 642.9276659209545,
      "median": 324.0,
      "std": 536.0220856911502,
      "min": 216,
      "max": 2592
    }
  },
  "top_20_classes": [
    [
      "K-016189",
      2592
    ],
    [
      "K-016204",
      2592
    ],
    [
      "K-016218",
      2592
    ],
    [
      "K-016221",
      2592
    ],
    [
      "K-016232",
      2592
    ],
    [
      "K-016234",
      2592
    ],
    [
      "K-016237",
      2592
    ],
    [
      "K-016248",
      2592
    ],
    [
      "K-016249",
      2592
    ],
    [
      "K-016262",
      2592
    ],
    [
      "K-016296",
      2592
    ],
    [
      "K-016297",
      2592
    ],
    [
      "K-032658",
      2592
    ],
    [
      "K-032832",
      2592
    ],
    [
      "K-032904",
      2592
    ],
    [
      "K-033185",
      2592
    ],
    [
      "K-033309",
      2592
    ],
    [
      "K-033320",
      2592
    ],
    [
      "K-038169",
      2592
    ],
    [
      "K-038220",
      2592
    ]
  ],
  "bottom_20_classes": [
    [
      "K-016728",
      216
    ],
    [
      "K-007639",
      216
    ],
    [
      "K-007772",
      216
    ],
    [
      "K-007898",
      216
    ],
    [
      "K-007499",
      216
    ],
    [
      "K-007798",
      216
    ],
    [
      "K-007493",
      216
    ],
    [
      "K-007819",
      216
    ],
    [
      "K-007930",
      216
    ],
    [
      "K-007568",
      216
    ],
    [
      "K-008147",
      216
    ],
    [
      "K-007770",
      216
    ],
    [
      "K-007637",
      216
    ],
    [
      "K-008141",
      216
    ],
    [
      "K-007737",
      216
    ],
    [
      "K-007598",
      216
    ],
    [
      "K-007703",
      216
    ],
    [
      "K-007760",
      216
    ],
    [
      "K-007925",
      216
    ],
    [
      "K-007705",
      216
    ]
  ],
  "recommendations": {
    "by_image_count": {
      "classes": [
        "K-016189",
        "K-016204",
        "K-016218",
        "K-016221",
        "K-016232",
        "K-016234",
        "K-016237",
        "K-016248",
        "K-016249",
        "K-016262"
      ],
      "storage_requirements": {
        "total_images": 1368792,
        "train_images": 1095033,
        "val_images": 273759,
        "estimated_size_gb": 200.51,
        "classes": 1000
      }
    },
    "by_medical_priority": {
      "classes": [
        "K-000027",
        "K-000030",
        "K-000032",
        "K-000034",
        "K-000040",
        "K-000041",
        "K-000042",
        "K-000043",
        "K-000059",
        "K-000065"
      ],
      "storage_requirements": {
        "total_images": 732024,
        "train_images": 585619,
        "val_images": 146405,
        "estimated_size_gb": 107.23,
        "classes": 1000
      }
    },
    "by_validation_status": {
      "classes": [
        "K-016189",
        "K-016204",
        "K-016218",
        "K-016221",
        "K-016232",
        "K-016234",
        "K-016237",
        "K-016248",
        "K-016249",
        "K-016262"
      ],
      "storage_requirements": {
        "total_images": 1368792,
        "train_images": 1095033,
        "val_images": 273759,
        "estimated_size_gb": 200.51,
        "classes": 1000
      }
    }
  },
  "final_recommendation": {
    "strategy": "validation_priority_with_image_count",
    "selected_classes": [
      "K-016189",
      "K-016204",
      "K-016218",
      "K-016221",
      "K-016232",
      "K-016234",
      "K-016237",
      "K-016248",
      "K-016249",
      "K-016262",
      "K-016296",
      "K-016297",
      "K-032658",
      "K-032832",
      "K-032904",
      "K-033185",
      "K-033309",
      "K-033320",
      "K-038169",
      "K-038220",
      "K-038710",
      "K-009412",
      "K-009461",
      "K-009463",
      "K-009495",
      "K-010141",
      "K-010149",
      "K-010157",
      "K-010202",
      "K-010220",
      "K-010221",
      "K-010223",
      "K-010232",
      "K-010270",
      "K-010294",
      "K-023243",
      "K-023245",
      "K-023482",
      "K-023631",
      "K-023801",
      "K-000032",
      "K-000034",
      "K-000040",
      "K-000043",
      "K-000117",
      "K-000167",
      "K-000180",
      "K-000208",
      "K-000209",
      "K-000231"
    ],
    "requirements": {
      "total_images": 1368792,
      "train_images": 1095033,
      "val_images": 273759,
      "estimated_size_gb": 200.51,
      "classes": 1000
    }
  }
}