split,domain,top1,top5,macro_f1,support
train,single,0.0041,0.0049,0.0030384511965582148,77451
train,combination,0.0,0.0,0.0,4023
val,single,0.1038924032598165,0.13210235367869153,0.07858226929651214,17547
val,combination,0.0,0.0,0.0,977
