split,top1,top5,macro_f1,n_samples
train,0.847,0.977,0.735092606923593,1000
val,0.844,0.978,0.7365824782951855,1000
