{
  "timestamp": "2025-08-23T09:21:11.671612",
  "stage": 3,
  "total_samples": 100000,
  "train_samples": 81474,
  "val_samples": 18526,
  "num_classes": 4020,
  "single_ratio": 0.9506222844097504,
  "combination_ratio": 0.04937771559024965,
  "samples_per_class": 100,
  "data_root": "/home/max16/pillsnap_data",
  "manifest_checksum": {
    "train": "e895d27d97d04f7b215823bb72ce1beb",
    "val": "5ce760e88d5922c836097ced87c66516"
  }
}